"filename", "language", "JSON with Comments", "JSON", "Markdown", "Docker", "HTML", "JavaScript", "TypeScript", "SCSS", "TypeScript JSX", "XML", "CSS", "Ignore", "comment", "blank", "total"
"c:\Users\vtewe\VisualStudioCodeProjects\freelance-projects-fullstack.react\frontend\.dockerignore", "Ignore", 0, 0, 0, 0, 0, 0, 0, 0, 0, 0, 0, 1, 0, 0, 1
"c:\Users\vtewe\VisualStudioCodeProjects\freelance-projects-fullstack.react\frontend\Dockerfile", "Docker", 0, 0, 0, 11, 0, 0, 0, 0, 0, 0, 0, 0, 0, 2, 13
"c:\Users\vtewe\VisualStudioCodeProjects\freelance-projects-fullstack.react\frontend\package-lock.json", "JSON", 0, 18273, 0, 0, 0, 0, 0, 0, 0, 0, 0, 0, 0, 1, 18274
"c:\Users\vtewe\VisualStudioCodeProjects\freelance-projects-fullstack.react\frontend\package.json", "JSON", 0, 53, 0, 0, 0, 0, 0, 0, 0, 0, 0, 0, 0, 0, 53
"c:\Users\vtewe\VisualStudioCodeProjects\freelance-projects-fullstack.react\frontend\public\favicon.svg", "XML", 0, 0, 0, 0, 0, 0, 0, 0, 0, 7, 0, 0, 0, 0, 7
"c:\Users\vtewe\VisualStudioCodeProjects\freelance-projects-fullstack.react\frontend\public\index.html", "HTML", 0, 0, 0, 0, 16, 0, 0, 0, 0, 0, 0, 0, 23, 2, 41
"c:\Users\vtewe\VisualStudioCodeProjects\freelance-projects-fullstack.react\frontend\public\manifest.json", "JSON", 0, 9, 0, 0, 0, 0, 0, 0, 0, 0, 0, 0, 0, 0, 9
"c:\Users\vtewe\VisualStudioCodeProjects\freelance-projects-fullstack.react\frontend\readme.md", "Markdown", 0, 0, 2, 0, 0, 0, 0, 0, 0, 0, 0, 0, 0, 0, 2
"c:\Users\vtewe\VisualStudioCodeProjects\freelance-projects-fullstack.react\frontend\src\App.tsx", "TypeScript JSX", 0, 0, 0, 0, 0, 0, 0, 0, 32, 0, 0, 0, 0, 2, 34
"c:\Users\vtewe\VisualStudioCodeProjects\freelance-projects-fullstack.react\frontend\src\AppConfig.ts", "TypeScript", 0, 0, 0, 0, 0, 0, 6, 0, 0, 0, 0, 0, 0, 2, 8
"c:\Users\vtewe\VisualStudioCodeProjects\freelance-projects-fullstack.react\frontend\src\api\ProjectApi.ts", "TypeScript", 0, 0, 0, 0, 0, 0, 7, 0, 0, 0, 0, 0, 0, 2, 9
"c:\Users\vtewe\VisualStudioCodeProjects\freelance-projects-fullstack.react\frontend\src\api\ProviderDetailsApi.ts", "TypeScript", 0, 0, 0, 0, 0, 0, 10, 0, 0, 0, 0, 0, 0, 2, 12
"c:\Users\vtewe\VisualStudioCodeProjects\freelance-projects-fullstack.react\frontend\src\api\ReportApi.ts", "TypeScript", 0, 0, 0, 0, 0, 0, 15, 0, 0, 0, 0, 0, 0, 3, 18
"c:\Users\vtewe\VisualStudioCodeProjects\freelance-projects-fullstack.react\frontend\src\api\TaskApi.ts", "TypeScript", 0, 0, 0, 0, 0, 0, 7, 0, 0, 0, 0, 0, 0, 2, 9
"c:\Users\vtewe\VisualStudioCodeProjects\freelance-projects-fullstack.react\frontend\src\api\UserApi.ts", "TypeScript", 0, 0, 0, 0, 0, 0, 28, 0, 0, 0, 0, 0, 0, 6, 34
"c:\Users\vtewe\VisualStudioCodeProjects\freelance-projects-fullstack.react\frontend\src\api\UserOpportunityApi.ts", "TypeScript", 0, 0, 0, 0, 0, 0, 17, 0, 0, 0, 0, 0, 0, 3, 20
"c:\Users\vtewe\VisualStudioCodeProjects\freelance-projects-fullstack.react\frontend\src\api\UserProviderRequestApi.ts", "TypeScript", 0, 0, 0, 0, 0, 0, 10, 0, 0, 0, 0, 0, 0, 2, 12
"c:\Users\vtewe\VisualStudioCodeProjects\freelance-projects-fullstack.react\frontend\src\api\core\EntityRepository.ts", "TypeScript", 0, 0, 0, 0, 0, 0, 9, 0, 0, 0, 0, 0, 0, 2, 11
"c:\Users\vtewe\VisualStudioCodeProjects\freelance-projects-fullstack.react\frontend\src\api\core\RESTApi.ts", "TypeScript", 0, 0, 0, 0, 0, 0, 108, 0, 0, 0, 0, 0, 3, 10, 121
"c:\Users\vtewe\VisualStudioCodeProjects\freelance-projects-fullstack.react\frontend\src\api\core\Repository.ts", "TypeScript", 0, 0, 0, 0, 0, 0, 32, 0, 0, 0, 0, 0, 15, 10, 57
"c:\Users\vtewe\VisualStudioCodeProjects\freelance-projects-fullstack.react\frontend\src\api\core\SessionRepo.ts", "TypeScript", 0, 0, 0, 0, 0, 0, 18, 0, 0, 0, 0, 0, 0, 6, 24
"c:\Users\vtewe\VisualStudioCodeProjects\freelance-projects-fullstack.react\frontend\src\assets\add.svg", "XML", 0, 0, 0, 0, 0, 0, 0, 0, 0, 3, 0, 0, 0, 0, 3
"c:\Users\vtewe\VisualStudioCodeProjects\freelance-projects-fullstack.react\frontend\src\assets\arrow-back.svg", "XML", 0, 0, 0, 0, 0, 0, 0, 0, 0, 3, 0, 0, 0, 0, 3
"c:\Users\vtewe\VisualStudioCodeProjects\freelance-projects-fullstack.react\frontend\src\assets\backgroundShapes.svg", "XML", 0, 0, 0, 0, 0, 0, 0, 0, 0, 9, 0, 0, 1, 0, 10
"c:\Users\vtewe\VisualStudioCodeProjects\freelance-projects-fullstack.react\frontend\src\assets\check-all.svg", "XML", 0, 0, 0, 0, 0, 0, 0, 0, 0, 3, 0, 0, 0, 0, 3
"c:\Users\vtewe\VisualStudioCodeProjects\freelance-projects-fullstack.react\frontend\src\assets\check-old.svg", "XML", 0, 0, 0, 0, 0, 0, 0, 0, 0, 3, 0, 0, 0, 0, 3
"c:\Users\vtewe\VisualStudioCodeProjects\freelance-projects-fullstack.react\frontend\src\assets\check.svg", "XML", 0, 0, 0, 0, 0, 0, 0, 0, 0, 3, 0, 0, 0, 0, 3
"c:\Users\vtewe\VisualStudioCodeProjects\freelance-projects-fullstack.react\frontend\src\assets\checked.svg", "XML", 0, 0, 0, 0, 0, 0, 0, 0, 0, 3, 0, 0, 0, 0, 3
"c:\Users\vtewe\VisualStudioCodeProjects\freelance-projects-fullstack.react\frontend\src\assets\close.svg", "XML", 0, 0, 0, 0, 0, 0, 0, 0, 0, 3, 0, 0, 0, 0, 3
"c:\Users\vtewe\VisualStudioCodeProjects\freelance-projects-fullstack.react\frontend\src\assets\collapsed.svg", "XML", 0, 0, 0, 0, 0, 0, 0, 0, 0, 3, 0, 0, 0, 0, 3
"c:\Users\vtewe\VisualStudioCodeProjects\freelance-projects-fullstack.react\frontend\src\assets\delete.svg", "XML", 0, 0, 0, 0, 0, 0, 0, 0, 0, 3, 0, 0, 0, 0, 3
"c:\Users\vtewe\VisualStudioCodeProjects\freelance-projects-fullstack.react\frontend\src\assets\download.svg", "XML", 0, 0, 0, 0, 0, 0, 0, 0, 0, 3, 0, 0, 0, 0, 3
"c:\Users\vtewe\VisualStudioCodeProjects\freelance-projects-fullstack.react\frontend\src\assets\edit.svg", "XML", 0, 0, 0, 0, 0, 0, 0, 0, 0, 3, 0, 0, 0, 0, 3
"c:\Users\vtewe\VisualStudioCodeProjects\freelance-projects-fullstack.react\frontend\src\assets\expanded.svg", "XML", 0, 0, 0, 0, 0, 0, 0, 0, 0, 3, 0, 0, 0, 0, 3
"c:\Users\vtewe\VisualStudioCodeProjects\freelance-projects-fullstack.react\frontend\src\assets\open-in-new.svg", "XML", 0, 0, 0, 0, 0, 0, 0, 0, 0, 3, 0, 0, 0, 0, 3
"c:\Users\vtewe\VisualStudioCodeProjects\freelance-projects-fullstack.react\frontend\src\assets\reload.svg", "XML", 0, 0, 0, 0, 0, 0, 0, 0, 0, 3, 0, 0, 0, 0, 3
"c:\Users\vtewe\VisualStudioCodeProjects\freelance-projects-fullstack.react\frontend\src\assets\settings.svg", "XML", 0, 0, 0, 0, 0, 0, 0, 0, 0, 3, 0, 0, 0, 0, 3
"c:\Users\vtewe\VisualStudioCodeProjects\freelance-projects-fullstack.react\frontend\src\assets\start.svg", "XML", 0, 0, 0, 0, 0, 0, 0, 0, 0, 3, 0, 0, 0, 0, 3
"c:\Users\vtewe\VisualStudioCodeProjects\freelance-projects-fullstack.react\frontend\src\assets\stop.svg", "XML", 0, 0, 0, 0, 0, 0, 0, 0, 0, 3, 0, 0, 0, 0, 3
"c:\Users\vtewe\VisualStudioCodeProjects\freelance-projects-fullstack.react\frontend\src\assets\unchecked.svg", "XML", 0, 0, 0, 0, 0, 0, 0, 0, 0, 3, 0, 0, 0, 0, 3
"c:\Users\vtewe\VisualStudioCodeProjects\freelance-projects-fullstack.react\frontend\src\assets\upload.svg", "XML", 0, 0, 0, 0, 0, 0, 0, 0, 0, 3, 0, 0, 0, 0, 3
"c:\Users\vtewe\VisualStudioCodeProjects\freelance-projects-fullstack.react\frontend\src\components\addInput\AddInput.module.scss", "SCSS", 0, 0, 0, 0, 0, 0, 0, 7, 0, 0, 0, 0, 3, 3, 13
"c:\Users\vtewe\VisualStudioCodeProjects\freelance-projects-fullstack.react\frontend\src\components\addInput\AddInput.tsx", "TypeScript JSX", 0, 0, 0, 0, 0, 0, 0, 0, 34, 0, 0, 0, 3, 6, 43
"c:\Users\vtewe\VisualStudioCodeProjects\freelance-projects-fullstack.react\frontend\src\components\addInput\IAddInputProps.ts", "TypeScript", 0, 0, 0, 0, 0, 0, 6, 0, 0, 0, 0, 0, 12, 4, 22
"c:\Users\vtewe\VisualStudioCodeProjects\freelance-projects-fullstack.react\frontend\src\components\button\Button.module.scss", "SCSS", 0, 0, 0, 0, 0, 0, 0, 27, 0, 0, 0, 0, 0, 4, 31
"c:\Users\vtewe\VisualStudioCodeProjects\freelance-projects-fullstack.react\frontend\src\components\button\Button.tsx", "TypeScript JSX", 0, 0, 0, 0, 0, 0, 0, 0, 23, 0, 0, 0, 0, 3, 26
"c:\Users\vtewe\VisualStudioCodeProjects\freelance-projects-fullstack.react\frontend\src\components\button\IButtonProps.ts", "TypeScript", 0, 0, 0, 0, 0, 0, 7, 0, 0, 0, 0, 0, 0, 2, 9
"c:\Users\vtewe\VisualStudioCodeProjects\freelance-projects-fullstack.react\frontend\src\components\card\Card.module.scss", "SCSS", 0, 0, 0, 0, 0, 0, 0, 6, 0, 0, 0, 0, 0, 1, 7
"c:\Users\vtewe\VisualStudioCodeProjects\freelance-projects-fullstack.react\frontend\src\components\card\Card.tsx", "TypeScript JSX", 0, 0, 0, 0, 0, 0, 0, 0, 13, 0, 0, 0, 0, 2, 15
"c:\Users\vtewe\VisualStudioCodeProjects\freelance-projects-fullstack.react\frontend\src\components\card\ICardProps.ts", "TypeScript", 0, 0, 0, 0, 0, 0, 6, 0, 0, 0, 0, 0, 0, 2, 8
"c:\Users\vtewe\VisualStudioCodeProjects\freelance-projects-fullstack.react\frontend\src\components\collapse\Collapse.module.scss", "SCSS", 0, 0, 0, 0, 0, 0, 0, 4, 0, 0, 0, 0, 0, 1, 5
"c:\Users\vtewe\VisualStudioCodeProjects\freelance-projects-fullstack.react\frontend\src\components\collapse\Collapse.tsx", "TypeScript JSX", 0, 0, 0, 0, 0, 0, 0, 0, 21, 0, 0, 0, 0, 3, 24
"c:\Users\vtewe\VisualStudioCodeProjects\freelance-projects-fullstack.react\frontend\src\components\collapse\ICollapseProps.ts", "TypeScript", 0, 0, 0, 0, 0, 0, 5, 0, 0, 0, 0, 0, 0, 1, 6
"c:\Users\vtewe\VisualStudioCodeProjects\freelance-projects-fullstack.react\frontend\src\components\confirmIcon\ConfirmIcon.module.scss", "SCSS", 0, 0, 0, 0, 0, 0, 0, 7, 0, 0, 0, 0, 0, 2, 9
"c:\Users\vtewe\VisualStudioCodeProjects\freelance-projects-fullstack.react\frontend\src\components\confirmIcon\ConfirmIcon.tsx", "TypeScript JSX", 0, 0, 0, 0, 0, 0, 0, 0, 11, 0, 0, 0, 0, 2, 13
"c:\Users\vtewe\VisualStudioCodeProjects\freelance-projects-fullstack.react\frontend\src\components\confirmIcon\IConfirmIconProps.ts", "TypeScript", 0, 0, 0, 0, 0, 0, 3, 0, 0, 0, 0, 0, 0, 1, 4
"c:\Users\vtewe\VisualStudioCodeProjects\freelance-projects-fullstack.react\frontend\src\components\crudButtonPanel\CrudButtonPanel.module.scss", "SCSS", 0, 0, 0, 0, 0, 0, 0, 8, 0, 0, 0, 0, 0, 2, 10
"c:\Users\vtewe\VisualStudioCodeProjects\freelance-projects-fullstack.react\frontend\src\components\crudButtonPanel\CrudButtonPanel.tsx", "TypeScript JSX", 0, 0, 0, 0, 0, 0, 0, 0, 33, 0, 0, 0, 0, 2, 35
"c:\Users\vtewe\VisualStudioCodeProjects\freelance-projects-fullstack.react\frontend\src\components\crudButtonPanel\ICrudButtonPanelProps.ts", "TypeScript", 0, 0, 0, 0, 0, 0, 8, 0, 0, 0, 0, 0, 0, 1, 9
"c:\Users\vtewe\VisualStudioCodeProjects\freelance-projects-fullstack.react\frontend\src\components\dateTimeSpanFilter\DateTimeSpanFilter.module.scss", "SCSS", 0, 0, 0, 0, 0, 0, 0, 16, 0, 0, 0, 0, 0, 4, 20
"c:\Users\vtewe\VisualStudioCodeProjects\freelance-projects-fullstack.react\frontend\src\components\dateTimeSpanFilter\DateTimeSpanFilter.tsx", "TypeScript JSX", 0, 0, 0, 0, 0, 0, 0, 0, 40, 0, 0, 0, 0, 3, 43
"c:\Users\vtewe\VisualStudioCodeProjects\freelance-projects-fullstack.react\frontend\src\components\dateTimeSpanFilter\IDateTimeSpanFilterProps.ts", "TypeScript", 0, 0, 0, 0, 0, 0, 3, 0, 0, 0, 0, 0, 0, 1, 4
"c:\Users\vtewe\VisualStudioCodeProjects\freelance-projects-fullstack.react\frontend\src\components\dateTimeSpanFilter\useDateTimeSpanFilterViewModel.ts", "TypeScript", 0, 0, 0, 0, 0, 0, 55, 0, 0, 0, 0, 0, 4, 10, 69
"c:\Users\vtewe\VisualStudioCodeProjects\freelance-projects-fullstack.react\frontend\src\components\duration\DurationDisplay.module.scss", "SCSS", 0, 0, 0, 0, 0, 0, 0, 9, 0, 0, 0, 0, 0, 3, 12
"c:\Users\vtewe\VisualStudioCodeProjects\freelance-projects-fullstack.react\frontend\src\components\duration\DurationDisplay.tsx", "TypeScript JSX", 0, 0, 0, 0, 0, 0, 0, 0, 19, 0, 0, 0, 0, 3, 22
"c:\Users\vtewe\VisualStudioCodeProjects\freelance-projects-fullstack.react\frontend\src\components\duration\IDurationDisplayProps.ts", "TypeScript", 0, 0, 0, 0, 0, 0, 7, 0, 0, 0, 0, 0, 0, 2, 9
"c:\Users\vtewe\VisualStudioCodeProjects\freelance-projects-fullstack.react\frontend\src\components\errorDisplay\ErrorDisplay.module.scss", "SCSS", 0, 0, 0, 0, 0, 0, 0, 8, 0, 0, 0, 0, 0, 2, 10
"c:\Users\vtewe\VisualStudioCodeProjects\freelance-projects-fullstack.react\frontend\src\components\errorDisplay\ErrorDisplay.tsx", "TypeScript JSX", 0, 0, 0, 0, 0, 0, 0, 0, 19, 0, 0, 0, 0, 4, 23
"c:\Users\vtewe\VisualStudioCodeProjects\freelance-projects-fullstack.react\frontend\src\components\errorDisplay\IErrorDisplayProps.ts", "TypeScript", 0, 0, 0, 0, 0, 0, 3, 0, 0, 0, 0, 0, 0, 1, 4
"c:\Users\vtewe\VisualStudioCodeProjects\freelance-projects-fullstack.react\frontend\src\components\input\IInputProps.ts", "TypeScript", 0, 0, 0, 0, 0, 0, 5, 0, 0, 0, 0, 0, 0, 1, 6
"c:\Users\vtewe\VisualStudioCodeProjects\freelance-projects-fullstack.react\frontend\src\components\input\Input.tsx", "TypeScript JSX", 0, 0, 0, 0, 0, 0, 0, 0, 13, 0, 0, 0, 0, 5, 18
"c:\Users\vtewe\VisualStudioCodeProjects\freelance-projects-fullstack.react\frontend\src\components\labeledElement\ILabeledElementProps.ts", "TypeScript", 0, 0, 0, 0, 0, 0, 6, 0, 0, 0, 0, 0, 0, 2, 8
"c:\Users\vtewe\VisualStudioCodeProjects\freelance-projects-fullstack.react\frontend\src\components\labeledElement\LabeledElement.module.scss", "SCSS", 0, 0, 0, 0, 0, 0, 0, 6, 0, 0, 0, 0, 0, 2, 8
"c:\Users\vtewe\VisualStudioCodeProjects\freelance-projects-fullstack.react\frontend\src\components\labeledElement\LabeledElement.tsx", "TypeScript JSX", 0, 0, 0, 0, 0, 0, 0, 0, 10, 0, 0, 0, 0, 2, 12
"c:\Users\vtewe\VisualStudioCodeProjects\freelance-projects-fullstack.react\frontend\src\components\labeledInput\ILabeledInputProps.ts", "TypeScript", 0, 0, 0, 0, 0, 0, 10, 0, 0, 0, 0, 0, 0, 1, 11
"c:\Users\vtewe\VisualStudioCodeProjects\freelance-projects-fullstack.react\frontend\src\components\labeledInput\LabeledInput.tsx", "TypeScript JSX", 0, 0, 0, 0, 0, 0, 0, 0, 25, 0, 0, 0, 0, 4, 29
"c:\Users\vtewe\VisualStudioCodeProjects\freelance-projects-fullstack.react\frontend\src\components\labeledSelect\ILabeledSelectProps.ts", "TypeScript", 0, 0, 0, 0, 0, 0, 7, 0, 0, 0, 0, 0, 0, 2, 9
"c:\Users\vtewe\VisualStudioCodeProjects\freelance-projects-fullstack.react\frontend\src\components\labeledSelect\LabeledSelect.tsx", "TypeScript JSX", 0, 0, 0, 0, 0, 0, 0, 0, 19, 0, 0, 0, 0, 2, 21
"c:\Users\vtewe\VisualStudioCodeProjects\freelance-projects-fullstack.react\frontend\src\components\pages\page\IPageProps.ts", "TypeScript", 0, 0, 0, 0, 0, 0, 4, 0, 0, 0, 0, 0, 0, 2, 6
"c:\Users\vtewe\VisualStudioCodeProjects\freelance-projects-fullstack.react\frontend\src\components\pages\page\Page.module.scss", "SCSS", 0, 0, 0, 0, 0, 0, 0, 10, 0, 0, 0, 0, 0, 3, 13
"c:\Users\vtewe\VisualStudioCodeProjects\freelance-projects-fullstack.react\frontend\src\components\pages\page\Page.tsx", "TypeScript JSX", 0, 0, 0, 0, 0, 0, 0, 0, 5, 0, 0, 0, 0, 2, 7
"c:\Users\vtewe\VisualStudioCodeProjects\freelance-projects-fullstack.react\frontend\src\components\pages\protectedPage\IProtectedPageProps.ts", "TypeScript", 0, 0, 0, 0, 0, 0, 4, 0, 0, 0, 0, 0, 0, 2, 6
"c:\Users\vtewe\VisualStudioCodeProjects\freelance-projects-fullstack.react\frontend\src\components\pages\protectedPage\ProtectedPage.module.scss", "SCSS", 0, 0, 0, 0, 0, 0, 0, 17, 0, 0, 0, 0, 0, 5, 22
"c:\Users\vtewe\VisualStudioCodeProjects\freelance-projects-fullstack.react\frontend\src\components\pages\protectedPage\ProtectedPage.tsx", "TypeScript JSX", 0, 0, 0, 0, 0, 0, 0, 0, 57, 0, 0, 0, 0, 7, 64
"c:\Users\vtewe\VisualStudioCodeProjects\freelance-projects-fullstack.react\frontend\src\components\pages\publicPage\IPublicPageProps.ts", "TypeScript", 0, 0, 0, 0, 0, 0, 4, 0, 0, 0, 0, 0, 0, 2, 6
"c:\Users\vtewe\VisualStudioCodeProjects\freelance-projects-fullstack.react\frontend\src\components\pages\publicPage\PublicPage.module.scss", "SCSS", 0, 0, 0, 0, 0, 0, 0, 4, 0, 0, 0, 0, 0, 2, 6
"c:\Users\vtewe\VisualStudioCodeProjects\freelance-projects-fullstack.react\frontend\src\components\pages\publicPage\PublicPage.tsx", "TypeScript JSX", 0, 0, 0, 0, 0, 0, 0, 0, 15, 0, 0, 0, 0, 2, 17
"c:\Users\vtewe\VisualStudioCodeProjects\freelance-projects-fullstack.react\frontend\src\components\select\ISelectOption.ts", "TypeScript", 0, 0, 0, 0, 0, 0, 4, 0, 0, 0, 0, 0, 0, 1, 5
"c:\Users\vtewe\VisualStudioCodeProjects\freelance-projects-fullstack.react\frontend\src\components\select\ISelectProps.ts", "TypeScript", 0, 0, 0, 0, 0, 0, 7, 0, 0, 0, 0, 0, 0, 2, 9
"c:\Users\vtewe\VisualStudioCodeProjects\freelance-projects-fullstack.react\frontend\src\components\select\Select.tsx", "TypeScript JSX", 0, 0, 0, 0, 0, 0, 0, 0, 26, 0, 0, 0, 0, 5, 31
"c:\Users\vtewe\VisualStudioCodeProjects\freelance-projects-fullstack.react\frontend\src\components\select\utils\findByText.ts", "TypeScript", 0, 0, 0, 0, 0, 0, 12, 0, 0, 0, 0, 0, 0, 2, 14
"c:\Users\vtewe\VisualStudioCodeProjects\freelance-projects-fullstack.react\frontend\src\components\select\utils\findByTextOrNull.ts", "TypeScript", 0, 0, 0, 0, 0, 0, 12, 0, 0, 0, 0, 0, 0, 2, 14
"c:\Users\vtewe\VisualStudioCodeProjects\freelance-projects-fullstack.react\frontend\src\components\spinnerButton\ISpinnerButtonProps.ts", "TypeScript", 0, 0, 0, 0, 0, 0, 4, 0, 0, 0, 0, 0, 0, 2, 6
"c:\Users\vtewe\VisualStudioCodeProjects\freelance-projects-fullstack.react\frontend\src\components\spinnerButton\SpinnerButton.module.scss", "SCSS", 0, 0, 0, 0, 0, 0, 0, 7, 0, 0, 0, 0, 0, 2, 9
"c:\Users\vtewe\VisualStudioCodeProjects\freelance-projects-fullstack.react\frontend\src\components\spinnerButton\SpinnerButton.tsx", "TypeScript JSX", 0, 0, 0, 0, 0, 0, 0, 0, 16, 0, 0, 0, 0, 2, 18
"c:\Users\vtewe\VisualStudioCodeProjects\freelance-projects-fullstack.react\frontend\src\components\spinner\ISpinnerProps.ts", "TypeScript", 0, 0, 0, 0, 0, 0, 5, 0, 0, 0, 0, 0, 0, 2, 7
"c:\Users\vtewe\VisualStudioCodeProjects\freelance-projects-fullstack.react\frontend\src\components\spinner\Spinner.module.scss", "SCSS", 0, 0, 0, 0, 0, 0, 0, 18, 0, 0, 0, 0, 0, 2, 20
"c:\Users\vtewe\VisualStudioCodeProjects\freelance-projects-fullstack.react\frontend\src\components\spinner\Spinner.test.tsx", "TypeScript JSX", 0, 0, 0, 0, 0, 0, 0, 0, 15, 0, 0, 0, 0, 3, 18
"c:\Users\vtewe\VisualStudioCodeProjects\freelance-projects-fullstack.react\frontend\src\components\spinner\Spinner.tsx", "TypeScript JSX", 0, 0, 0, 0, 0, 0, 0, 0, 32, 0, 0, 0, 3, 5, 40
"c:\Users\vtewe\VisualStudioCodeProjects\freelance-projects-fullstack.react\frontend\src\components\spinner\SpinnerSize.ts", "TypeScript", 0, 0, 0, 0, 0, 0, 5, 0, 0, 0, 0, 0, 0, 1, 6
"c:\Users\vtewe\VisualStudioCodeProjects\freelance-projects-fullstack.react\frontend\src\components\switch\ISwitchProps.ts", "TypeScript", 0, 0, 0, 0, 0, 0, 9, 0, 0, 0, 0, 0, 25, 1, 35
"c:\Users\vtewe\VisualStudioCodeProjects\freelance-projects-fullstack.react\frontend\src\components\switch\Switch.module.scss", "SCSS", 0, 0, 0, 0, 0, 0, 0, 62, 0, 0, 0, 0, 0, 10, 72
"c:\Users\vtewe\VisualStudioCodeProjects\freelance-projects-fullstack.react\frontend\src\components\switch\Switch.tsx", "TypeScript JSX", 0, 0, 0, 0, 0, 0, 0, 0, 40, 0, 0, 0, 0, 6, 46
"c:\Users\vtewe\VisualStudioCodeProjects\freelance-projects-fullstack.react\frontend\src\components\tabItem\ITabItemProps.ts", "TypeScript", 0, 0, 0, 0, 0, 0, 5, 0, 0, 0, 0, 0, 0, 1, 6
"c:\Users\vtewe\VisualStudioCodeProjects\freelance-projects-fullstack.react\frontend\src\components\tabItem\TabItem.module.scss", "SCSS", 0, 0, 0, 0, 0, 0, 0, 15, 0, 0, 0, 0, 0, 3, 18
"c:\Users\vtewe\VisualStudioCodeProjects\freelance-projects-fullstack.react\frontend\src\components\tabItem\TabItem.tsx", "TypeScript JSX", 0, 0, 0, 0, 0, 0, 0, 0, 16, 0, 0, 0, 0, 2, 18
"c:\Users\vtewe\VisualStudioCodeProjects\freelance-projects-fullstack.react\frontend\src\components\tabStripContent\ITabStripContentProp.ts", "TypeScript", 0, 0, 0, 0, 0, 0, 4, 0, 0, 0, 0, 0, 0, 2, 6
"c:\Users\vtewe\VisualStudioCodeProjects\freelance-projects-fullstack.react\frontend\src\components\tabStripContent\TabStripContent.module.scss", "SCSS", 0, 0, 0, 0, 0, 0, 0, 3, 0, 0, 0, 0, 0, 1, 4
"c:\Users\vtewe\VisualStudioCodeProjects\freelance-projects-fullstack.react\frontend\src\components\tabStripContent\TabStripContent.tsx", "TypeScript JSX", 0, 0, 0, 0, 0, 0, 0, 0, 5, 0, 0, 0, 0, 2, 7
"c:\Users\vtewe\VisualStudioCodeProjects\freelance-projects-fullstack.react\frontend\src\components\tabStrip\ITabItem.ts", "TypeScript", 0, 0, 0, 0, 0, 0, 5, 0, 0, 0, 0, 0, 0, 2, 7
"c:\Users\vtewe\VisualStudioCodeProjects\freelance-projects-fullstack.react\frontend\src\components\tabStrip\ITabStripProps.ts", "TypeScript", 0, 0, 0, 0, 0, 0, 6, 0, 0, 0, 0, 0, 0, 2, 8
"c:\Users\vtewe\VisualStudioCodeProjects\freelance-projects-fullstack.react\frontend\src\components\tabStrip\TabStrip.module.scss", "SCSS", 0, 0, 0, 0, 0, 0, 0, 11, 0, 0, 0, 0, 0, 2, 13
"c:\Users\vtewe\VisualStudioCodeProjects\freelance-projects-fullstack.react\frontend\src\components\tabStrip\TabStrip.tsx", "TypeScript JSX", 0, 0, 0, 0, 0, 0, 0, 0, 14, 0, 0, 0, 0, 3, 17
"c:\Users\vtewe\VisualStudioCodeProjects\freelance-projects-fullstack.react\frontend\src\components\toggleButtonGroup\IToggleButtonGroupProps.ts", "TypeScript", 0, 0, 0, 0, 0, 0, 7, 0, 0, 0, 0, 0, 0, 2, 9
"c:\Users\vtewe\VisualStudioCodeProjects\freelance-projects-fullstack.react\frontend\src\components\toggleButtonGroup\IToggleButtonOption.ts", "TypeScript", 0, 0, 0, 0, 0, 0, 3, 0, 0, 0, 0, 0, 0, 1, 4
"c:\Users\vtewe\VisualStudioCodeProjects\freelance-projects-fullstack.react\frontend\src\components\toggleButtonGroup\ToggleButtonGroup.module.scss", "SCSS", 0, 0, 0, 0, 0, 0, 0, 6, 0, 0, 0, 0, 0, 2, 8
"c:\Users\vtewe\VisualStudioCodeProjects\freelance-projects-fullstack.react\frontend\src\components\toggleButtonGroup\ToggleButtonGroup.tsx", "TypeScript JSX", 0, 0, 0, 0, 0, 0, 0, 0, 22, 0, 0, 0, 0, 3, 25
"c:\Users\vtewe\VisualStudioCodeProjects\freelance-projects-fullstack.react\frontend\src\components\toggleButton\IToggleButtonProps.ts", "TypeScript", 0, 0, 0, 0, 0, 0, 7, 0, 0, 0, 0, 0, 0, 2, 9
"c:\Users\vtewe\VisualStudioCodeProjects\freelance-projects-fullstack.react\frontend\src\components\toggleButton\ToggleButton.module.scss", "SCSS", 0, 0, 0, 0, 0, 0, 0, 7, 0, 0, 0, 0, 0, 2, 9
"c:\Users\vtewe\VisualStudioCodeProjects\freelance-projects-fullstack.react\frontend\src\components\toggleButton\ToggleButton.tsx", "TypeScript JSX", 0, 0, 0, 0, 0, 0, 0, 0, 17, 0, 0, 0, 0, 2, 19
"c:\Users\vtewe\VisualStudioCodeProjects\freelance-projects-fullstack.react\frontend\src\components\toolbar\IToolbarProps.ts", "TypeScript", 0, 0, 0, 0, 0, 0, 6, 0, 0, 0, 0, 0, 6, 3, 15
"c:\Users\vtewe\VisualStudioCodeProjects\freelance-projects-fullstack.react\frontend\src\components\toolbar\Toolbar.module.scss", "SCSS", 0, 0, 0, 0, 0, 0, 0, 11, 0, 0, 0, 0, 0, 3, 14
"c:\Users\vtewe\VisualStudioCodeProjects\freelance-projects-fullstack.react\frontend\src\components\toolbar\Toolbar.tsx", "TypeScript JSX", 0, 0, 0, 0, 0, 0, 0, 0, 11, 0, 0, 0, 0, 2, 13
"c:\Users\vtewe\VisualStudioCodeProjects\freelance-projects-fullstack.react\frontend\src\context\AppContext.ts", "TypeScript", 0, 0, 0, 0, 0, 0, 3, 0, 0, 0, 0, 0, 0, 2, 5
"c:\Users\vtewe\VisualStudioCodeProjects\freelance-projects-fullstack.react\frontend\src\context\IAppContext.ts", "TypeScript", 0, 0, 0, 0, 0, 0, 13, 0, 0, 0, 0, 0, 0, 2, 15
"c:\Users\vtewe\VisualStudioCodeProjects\freelance-projects-fullstack.react\frontend\src\context\IProviderDetailsContext.ts", "TypeScript", 0, 0, 0, 0, 0, 0, 5, 0, 0, 0, 0, 0, 0, 2, 7
"c:\Users\vtewe\VisualStudioCodeProjects\freelance-projects-fullstack.react\frontend\src\context\ProviderDetailsContext.ts", "TypeScript", 0, 0, 0, 0, 0, 0, 5, 0, 0, 0, 0, 0, 0, 2, 7
"c:\Users\vtewe\VisualStudioCodeProjects\freelance-projects-fullstack.react\frontend\src\core\services\DeviceInfo.ts", "TypeScript", 0, 0, 0, 0, 0, 0, 18, 0, 0, 0, 0, 0, 6, 1, 25
"c:\Users\vtewe\VisualStudioCodeProjects\freelance-projects-fullstack.react\frontend\src\core\services\date\DateTime.test.ts", "TypeScript", 0, 0, 0, 0, 0, 0, 241, 0, 0, 0, 0, 0, 0, 49, 290
"c:\Users\vtewe\VisualStudioCodeProjects\freelance-projects-fullstack.react\frontend\src\core\services\date\DateTime.ts", "TypeScript", 0, 0, 0, 0, 0, 0, 177, 0, 0, 0, 0, 0, 152, 46, 375
"c:\Users\vtewe\VisualStudioCodeProjects\freelance-projects-fullstack.react\frontend\src\core\services\date\DateTimeFormatter.test.ts", "TypeScript", 0, 0, 0, 0, 0, 0, 107, 0, 0, 0, 0, 0, 0, 18, 125
"c:\Users\vtewe\VisualStudioCodeProjects\freelance-projects-fullstack.react\frontend\src\core\services\date\DateTimeFormatter.ts", "TypeScript", 0, 0, 0, 0, 0, 0, 34, 0, 0, 0, 0, 0, 28, 4, 66
"c:\Users\vtewe\VisualStudioCodeProjects\freelance-projects-fullstack.react\frontend\src\core\services\date\Duration.test.ts", "TypeScript", 0, 0, 0, 0, 0, 0, 46, 0, 0, 0, 0, 0, 0, 13, 59
"c:\Users\vtewe\VisualStudioCodeProjects\freelance-projects-fullstack.react\frontend\src\core\services\date\Duration.ts", "TypeScript", 0, 0, 0, 0, 0, 0, 82, 0, 0, 0, 0, 0, 7, 14, 103
"c:\Users\vtewe\VisualStudioCodeProjects\freelance-projects-fullstack.react\frontend\src\core\services\date\DurationFormatter.ts", "TypeScript", 0, 0, 0, 0, 0, 0, 27, 0, 0, 0, 0, 0, 20, 4, 51
"c:\Users\vtewe\VisualStudioCodeProjects\freelance-projects-fullstack.react\frontend\src\core\services\date\IDateTimeSpan.ts", "TypeScript", 0, 0, 0, 0, 0, 0, 4, 0, 0, 0, 0, 0, 0, 1, 5
"c:\Users\vtewe\VisualStudioCodeProjects\freelance-projects-fullstack.react\frontend\src\core\utils\checkNotNull.ts", "TypeScript", 0, 0, 0, 0, 0, 0, 8, 0, 0, 0, 0, 0, 0, 1, 9
"c:\Users\vtewe\VisualStudioCodeProjects\freelance-projects-fullstack.react\frontend\src\core\utils\checkNull.ts", "TypeScript", 0, 0, 0, 0, 0, 0, 9, 0, 0, 0, 0, 0, 0, 2, 11
"c:\Users\vtewe\VisualStudioCodeProjects\freelance-projects-fullstack.react\frontend\src\core\utils\isInitial.ts", "TypeScript", 0, 0, 0, 0, 0, 0, 13, 0, 0, 0, 0, 0, 0, 5, 18
"c:\Users\vtewe\VisualStudioCodeProjects\freelance-projects-fullstack.react\frontend\src\core\utils\isNotInitial.ts", "TypeScript", 0, 0, 0, 0, 0, 0, 2, 0, 0, 0, 0, 0, 0, 2, 4
"c:\Users\vtewe\VisualStudioCodeProjects\freelance-projects-fullstack.react\frontend\src\core\utils\isNotNull.ts", "TypeScript", 0, 0, 0, 0, 0, 0, 3, 0, 0, 0, 0, 0, 0, 1, 4
"c:\Users\vtewe\VisualStudioCodeProjects\freelance-projects-fullstack.react\frontend\src\core\utils\isNull.ts", "TypeScript", 0, 0, 0, 0, 0, 0, 3, 0, 0, 0, 0, 0, 0, 1, 4
"c:\Users\vtewe\VisualStudioCodeProjects\freelance-projects-fullstack.react\frontend\src\core\utils\uuid.ts", "TypeScript", 0, 0, 0, 0, 0, 0, 4, 0, 0, 0, 0, 0, 0, 2, 6
"c:\Users\vtewe\VisualStudioCodeProjects\freelance-projects-fullstack.react\frontend\src\features\dashboard\dashboardItem\DashboardItem.module.scss", "SCSS", 0, 0, 0, 0, 0, 0, 0, 18, 0, 0, 0, 0, 0, 4, 22
"c:\Users\vtewe\VisualStudioCodeProjects\freelance-projects-fullstack.react\frontend\src\features\dashboard\dashboardItem\DashboardItem.tsx", "TypeScript JSX", 0, 0, 0, 0, 0, 0, 0, 0, 10, 0, 0, 0, 0, 2, 12
"c:\Users\vtewe\VisualStudioCodeProjects\freelance-projects-fullstack.react\frontend\src\features\dashboard\dashboardItem\IDashboardItemProps.ts", "TypeScript", 0, 0, 0, 0, 0, 0, 4, 0, 0, 0, 0, 0, 0, 1, 5
"c:\Users\vtewe\VisualStudioCodeProjects\freelance-projects-fullstack.react\frontend\src\features\dashboard\dashboard\Dashboard.module.scss", "SCSS", 0, 0, 0, 0, 0, 0, 0, 15, 0, 0, 0, 0, 0, 4, 19
"c:\Users\vtewe\VisualStudioCodeProjects\freelance-projects-fullstack.react\frontend\src\features\dashboard\dashboard\Dashboard.tsx", "TypeScript JSX", 0, 0, 0, 0, 0, 0, 0, 0, 23, 0, 0, 0, 0, 3, 26
"c:\Users\vtewe\VisualStudioCodeProjects\freelance-projects-fullstack.react\frontend\src\features\dashboard\dashboard\IDashboardProps.ts", "TypeScript", 0, 0, 0, 0, 0, 0, 1, 0, 0, 0, 0, 0, 0, 0, 1
"c:\Users\vtewe\VisualStudioCodeProjects\freelance-projects-fullstack.react\frontend\src\features\login\Login.module.scss", "SCSS", 0, 0, 0, 0, 0, 0, 0, 46, 0, 0, 0, 0, 0, 10, 56
"c:\Users\vtewe\VisualStudioCodeProjects\freelance-projects-fullstack.react\frontend\src\features\login\Login.tsx", "TypeScript JSX", 0, 0, 0, 0, 0, 0, 0, 0, 61, 0, 0, 0, 0, 3, 64
"c:\Users\vtewe\VisualStudioCodeProjects\freelance-projects-fullstack.react\frontend\src\features\login\useLoginViewModel.ts", "TypeScript", 0, 0, 0, 0, 0, 0, 100, 0, 0, 0, 0, 0, 0, 13, 113
"c:\Users\vtewe\VisualStudioCodeProjects\freelance-projects-fullstack.react\frontend\src\features\opportunity\opportunityDetails\IApplicationTypeOption.ts", "TypeScript", 0, 0, 0, 0, 0, 0, 5, 0, 0, 0, 0, 0, 0, 2, 7
"c:\Users\vtewe\VisualStudioCodeProjects\freelance-projects-fullstack.react\frontend\src\features\opportunity\opportunityDetails\IOpportunityDetailsProps.ts", "TypeScript", 0, 0, 0, 0, 0, 0, 5, 0, 0, 0, 0, 0, 0, 2, 7
"c:\Users\vtewe\VisualStudioCodeProjects\freelance-projects-fullstack.react\frontend\src\features\opportunity\opportunityDetails\OpportunityDetails.module.scss", "SCSS", 0, 0, 0, 0, 0, 0, 0, 16, 0, 0, 0, 0, 0, 5, 21
"c:\Users\vtewe\VisualStudioCodeProjects\freelance-projects-fullstack.react\frontend\src\features\opportunity\opportunityDetails\OpportunityDetails.tsx", "TypeScript JSX", 0, 0, 0, 0, 0, 0, 0, 0, 147, 0, 0, 0, 5, 15, 167
"c:\Users\vtewe\VisualStudioCodeProjects\freelance-projects-fullstack.react\frontend\src\features\opportunity\opportunityIFrame\IOpportunityIFrameProps.ts", "TypeScript", 0, 0, 0, 0, 0, 0, 6, 0, 0, 0, 0, 0, 0, 2, 8
"c:\Users\vtewe\VisualStudioCodeProjects\freelance-projects-fullstack.react\frontend\src\features\opportunity\opportunityIFrame\OpportunityIFrame.tsx", "TypeScript JSX", 0, 0, 0, 0, 0, 0, 0, 0, 11, 0, 0, 0, 0, 2, 13
"c:\Users\vtewe\VisualStudioCodeProjects\freelance-projects-fullstack.react\frontend\src\features\opportunity\opportunityItem\IOpportunityItemProps.ts", "TypeScript", 0, 0, 0, 0, 0, 0, 10, 0, 0, 0, 0, 0, 0, 2, 12
"c:\Users\vtewe\VisualStudioCodeProjects\freelance-projects-fullstack.react\frontend\src\features\opportunity\opportunityItem\OpportunityItem.module.scss", "SCSS", 0, 0, 0, 0, 0, 0, 0, 42, 0, 0, 0, 0, 0, 9, 51
"c:\Users\vtewe\VisualStudioCodeProjects\freelance-projects-fullstack.react\frontend\src\features\opportunity\opportunityItem\OpportunityItem.tsx", "TypeScript JSX", 0, 0, 0, 0, 0, 0, 0, 0, 75, 0, 0, 0, 0, 5, 80
"c:\Users\vtewe\VisualStudioCodeProjects\freelance-projects-fullstack.react\frontend\src\features\opportunity\opportunityList\OpportunityList.module.scss", "SCSS", 0, 0, 0, 0, 0, 0, 0, 12, 0, 0, 0, 0, 0, 4, 16
"c:\Users\vtewe\VisualStudioCodeProjects\freelance-projects-fullstack.react\frontend\src\features\opportunity\opportunityList\OpportunityList.tsx", "TypeScript JSX", 0, 0, 0, 0, 0, 0, 0, 0, 47, 0, 0, 0, 0, 4, 51
"c:\Users\vtewe\VisualStudioCodeProjects\freelance-projects-fullstack.react\frontend\src\features\opportunity\opportunityList\OpportunityListProps.ts", "TypeScript", 0, 0, 0, 0, 0, 0, 12, 0, 0, 0, 0, 0, 0, 2, 14
"c:\Users\vtewe\VisualStudioCodeProjects\freelance-projects-fullstack.react\frontend\src\features\opportunity\opportunitySection\OpportunitySection.module.scss", "SCSS", 0, 0, 0, 0, 0, 0, 0, 43, 0, 0, 0, 0, 0, 10, 53
"c:\Users\vtewe\VisualStudioCodeProjects\freelance-projects-fullstack.react\frontend\src\features\opportunity\opportunitySection\OpportunitySection.tsx", "TypeScript JSX", 0, 0, 0, 0, 0, 0, 0, 0, 112, 0, 0, 0, 3, 6, 121
"c:\Users\vtewe\VisualStudioCodeProjects\freelance-projects-fullstack.react\frontend\src\features\opportunity\opportunitySection\useOpportunitySectionViewModel.ts", "TypeScript", 0, 0, 0, 0, 0, 0, 199, 0, 0, 0, 0, 0, 21, 23, 243
"c:\Users\vtewe\VisualStudioCodeProjects\freelance-projects-fullstack.react\frontend\src\features\opportunity\opportunitySubList\IOpportunitySubListProps.ts", "TypeScript", 0, 0, 0, 0, 0, 0, 14, 0, 0, 0, 0, 0, 0, 2, 16
"c:\Users\vtewe\VisualStudioCodeProjects\freelance-projects-fullstack.react\frontend\src\features\opportunity\opportunitySubList\OpportunitySubList.module.scss", "SCSS", 0, 0, 0, 0, 0, 0, 0, 6, 0, 0, 0, 0, 0, 2, 8
"c:\Users\vtewe\VisualStudioCodeProjects\freelance-projects-fullstack.react\frontend\src\features\opportunity\opportunitySubList\OpportunitySubList.tsx", "TypeScript JSX", 0, 0, 0, 0, 0, 0, 0, 0, 34, 0, 0, 0, 0, 2, 36
"c:\Users\vtewe\VisualStudioCodeProjects\freelance-projects-fullstack.react\frontend\src\features\opportunity\types\IUserOpportunityChangeable.ts", "TypeScript", 0, 0, 0, 0, 0, 0, 4, 0, 0, 0, 0, 0, 0, 2, 6
"c:\Users\vtewe\VisualStudioCodeProjects\freelance-projects-fullstack.react\frontend\src\features\opportunity\types\IUserOpportunitySelectable.ts", "TypeScript", 0, 0, 0, 0, 0, 0, 5, 0, 0, 0, 0, 0, 0, 2, 7
"c:\Users\vtewe\VisualStudioCodeProjects\freelance-projects-fullstack.react\frontend\src\features\opportunity\utils\setUserOpportunityCompleted.ts", "TypeScript", 0, 0, 0, 0, 0, 0, 7, 0, 0, 0, 0, 0, 0, 2, 9
"c:\Users\vtewe\VisualStudioCodeProjects\freelance-projects-fullstack.react\frontend\src\features\opportunity\utils\setUserOpportunityInCompleted.ts", "TypeScript", 0, 0, 0, 0, 0, 0, 7, 0, 0, 0, 0, 0, 0, 2, 9
"c:\Users\vtewe\VisualStudioCodeProjects\freelance-projects-fullstack.react\frontend\src\features\providerDetailsContextProvider\IProviderDetailsContextProviderProps.ts", "TypeScript", 0, 0, 0, 0, 0, 0, 4, 0, 0, 0, 0, 0, 0, 2, 6
"c:\Users\vtewe\VisualStudioCodeProjects\freelance-projects-fullstack.react\frontend\src\features\providerDetailsContextProvider\ProviderDetailsContextProvider.tsx", "TypeScript JSX", 0, 0, 0, 0, 0, 0, 0, 0, 30, 0, 0, 0, 3, 4, 37
"c:\Users\vtewe\VisualStudioCodeProjects\freelance-projects-fullstack.react\frontend\src\features\providerRequest\providerRequestInput\IProviderRequestInputProps.ts", "TypeScript", 0, 0, 0, 0, 0, 0, 8, 0, 0, 0, 0, 0, 0, 2, 10
"c:\Users\vtewe\VisualStudioCodeProjects\freelance-projects-fullstack.react\frontend\src\features\providerRequest\providerRequestInput\ProviderRequestInput.module.scss", "SCSS", 0, 0, 0, 0, 0, 0, 0, 23, 0, 0, 0, 0, 0, 6, 29
"c:\Users\vtewe\VisualStudioCodeProjects\freelance-projects-fullstack.react\frontend\src\features\providerRequest\providerRequestInput\ProviderRequestInput.tsx", "TypeScript JSX", 0, 0, 0, 0, 0, 0, 0, 0, 56, 0, 0, 0, 0, 6, 62
"c:\Users\vtewe\VisualStudioCodeProjects\freelance-projects-fullstack.react\frontend\src\features\providerRequest\providerRequestInput\useProviderRequestInputViewModel.ts", "TypeScript", 0, 0, 0, 0, 0, 0, 60, 0, 0, 0, 0, 0, 0, 11, 71
"c:\Users\vtewe\VisualStudioCodeProjects\freelance-projects-fullstack.react\frontend\src\features\providerRequest\providerRequestItem\IProviderRequestEvents.ts", "TypeScript", 0, 0, 0, 0, 0, 0, 6, 0, 0, 0, 0, 0, 0, 2, 8
"c:\Users\vtewe\VisualStudioCodeProjects\freelance-projects-fullstack.react\frontend\src\features\providerRequest\providerRequestItem\IProviderRequestItemProps.ts", "TypeScript", 0, 0, 0, 0, 0, 0, 5, 0, 0, 0, 0, 0, 0, 2, 7
"c:\Users\vtewe\VisualStudioCodeProjects\freelance-projects-fullstack.react\frontend\src\features\providerRequest\providerRequestItem\ProviderRequestItem.module.scss", "SCSS", 0, 0, 0, 0, 0, 0, 0, 16, 0, 0, 0, 0, 0, 3, 19
"c:\Users\vtewe\VisualStudioCodeProjects\freelance-projects-fullstack.react\frontend\src\features\providerRequest\providerRequestItem\ProviderRequestItem.tsx", "TypeScript JSX", 0, 0, 0, 0, 0, 0, 0, 0, 38, 0, 0, 0, 0, 3, 41
"c:\Users\vtewe\VisualStudioCodeProjects\freelance-projects-fullstack.react\frontend\src\features\providerRequest\providerRequestItem\useProviderRequestItemViewModel.ts", "TypeScript", 0, 0, 0, 0, 0, 0, 26, 0, 0, 0, 0, 0, 0, 7, 33
"c:\Users\vtewe\VisualStudioCodeProjects\freelance-projects-fullstack.react\frontend\src\features\providerRequest\providerRequestList\IProviderRequestListProps.ts", "TypeScript", 0, 0, 0, 0, 0, 0, 6, 0, 0, 0, 0, 0, 0, 2, 8
"c:\Users\vtewe\VisualStudioCodeProjects\freelance-projects-fullstack.react\frontend\src\features\providerRequest\providerRequestList\ProviderRequestList.module.scss", "SCSS", 0, 0, 0, 0, 0, 0, 0, 10, 0, 0, 0, 0, 0, 3, 13
"c:\Users\vtewe\VisualStudioCodeProjects\freelance-projects-fullstack.react\frontend\src\features\providerRequest\providerRequestList\ProviderRequestList.tsx", "TypeScript JSX", 0, 0, 0, 0, 0, 0, 0, 0, 26, 0, 0, 0, 0, 3, 29
"c:\Users\vtewe\VisualStudioCodeProjects\freelance-projects-fullstack.react\frontend\src\features\settings\settingsConfigItem\ISettingsConfigItemProps.ts", "TypeScript", 0, 0, 0, 0, 0, 0, 5, 0, 0, 0, 0, 0, 0, 2, 7
"c:\Users\vtewe\VisualStudioCodeProjects\freelance-projects-fullstack.react\frontend\src\features\settings\settingsConfigItem\SettingsConfigItem.tsx", "TypeScript JSX", 0, 0, 0, 0, 0, 0, 0, 0, 19, 0, 0, 0, 0, 4, 23
"c:\Users\vtewe\VisualStudioCodeProjects\freelance-projects-fullstack.react\frontend\src\features\settings\settingsConfigList\SettingsConfigList.module.scss", "SCSS", 0, 0, 0, 0, 0, 0, 0, 6, 0, 0, 0, 0, 0, 2, 8
"c:\Users\vtewe\VisualStudioCodeProjects\freelance-projects-fullstack.react\frontend\src\features\settings\settingsConfigList\SettingsConfigList.tsx", "TypeScript JSX", 0, 0, 0, 0, 0, 0, 0, 0, 15, 0, 0, 0, 0, 3, 18
"c:\Users\vtewe\VisualStudioCodeProjects\freelance-projects-fullstack.react\frontend\src\features\settings\settingsItem\ISettingsItemProps.ts", "TypeScript", 0, 0, 0, 0, 0, 0, 5, 0, 0, 0, 0, 0, 0, 2, 7
"c:\Users\vtewe\VisualStudioCodeProjects\freelance-projects-fullstack.react\frontend\src\features\settings\settingsItem\SettingsItem.module.scss", "SCSS", 0, 0, 0, 0, 0, 0, 0, 8, 0, 0, 0, 0, 0, 2, 10
"c:\Users\vtewe\VisualStudioCodeProjects\freelance-projects-fullstack.react\frontend\src\features\settings\settingsItem\SettingsItem.tsx", "TypeScript JSX", 0, 0, 0, 0, 0, 0, 0, 0, 10, 0, 0, 0, 3, 2, 15
"c:\Users\vtewe\VisualStudioCodeProjects\freelance-projects-fullstack.react\frontend\src\features\settings\settingsSection\ISettingsSectionProps.ts", "TypeScript", 0, 0, 0, 0, 0, 0, 5, 0, 0, 0, 0, 0, 0, 2, 7
"c:\Users\vtewe\VisualStudioCodeProjects\freelance-projects-fullstack.react\frontend\src\features\settings\settingsSection\SettingsSection.module.scss", "SCSS", 0, 0, 0, 0, 0, 0, 0, 11, 0, 0, 0, 0, 0, 3, 14
"c:\Users\vtewe\VisualStudioCodeProjects\freelance-projects-fullstack.react\frontend\src\features\settings\settingsSection\SettingsSection.tsx", "TypeScript JSX", 0, 0, 0, 0, 0, 0, 0, 0, 10, 0, 0, 0, 0, 2, 12
"c:\Users\vtewe\VisualStudioCodeProjects\freelance-projects-fullstack.react\frontend\src\features\settings\settings\ISettingsProps.ts", "TypeScript", 0, 0, 0, 0, 0, 0, 1, 0, 0, 0, 0, 0, 0, 1, 2
"c:\Users\vtewe\VisualStudioCodeProjects\freelance-projects-fullstack.react\frontend\src\features\settings\settings\Settings.module.scss", "SCSS", 0, 0, 0, 0, 0, 0, 0, 29, 0, 0, 0, 0, 0, 5, 34
"c:\Users\vtewe\VisualStudioCodeProjects\freelance-projects-fullstack.react\frontend\src\features\settings\settings\Settings.tsx", "TypeScript JSX", 0, 0, 0, 0, 0, 0, 0, 0, 41, 0, 0, 0, 0, 3, 44
"c:\Users\vtewe\VisualStudioCodeProjects\freelance-projects-fullstack.react\frontend\src\features\settings\settings\useSettingsViewModel.ts", "TypeScript", 0, 0, 0, 0, 0, 0, 98, 0, 0, 0, 0, 0, 0, 10, 108
"c:\Users\vtewe\VisualStudioCodeProjects\freelance-projects-fullstack.react\frontend\src\features\timeTracker\project\projectDetails\IProjectDetailsProps.ts", "TypeScript", 0, 0, 0, 0, 0, 0, 8, 0, 0, 0, 0, 0, 0, 2, 10
"c:\Users\vtewe\VisualStudioCodeProjects\freelance-projects-fullstack.react\frontend\src\features\timeTracker\project\projectDetails\ProjectDetails.module.scss", "SCSS", 0, 0, 0, 0, 0, 0, 0, 11, 0, 0, 0, 0, 0, 3, 14
"c:\Users\vtewe\VisualStudioCodeProjects\freelance-projects-fullstack.react\frontend\src\features\timeTracker\project\projectDetails\ProjectDetails.tsx", "TypeScript JSX", 0, 0, 0, 0, 0, 0, 0, 0, 28, 0, 0, 0, 0, 4, 32
"c:\Users\vtewe\VisualStudioCodeProjects\freelance-projects-fullstack.react\frontend\src\features\timeTracker\project\projectItem\IProjectItemProps.ts", "TypeScript", 0, 0, 0, 0, 0, 0, 9, 0, 0, 0, 0, 0, 0, 2, 11
"c:\Users\vtewe\VisualStudioCodeProjects\freelance-projects-fullstack.react\frontend\src\features\timeTracker\project\projectItem\ProjectItem.module.scss", "SCSS", 0, 0, 0, 0, 0, 0, 0, 76, 0, 0, 0, 0, 0, 14, 90
"c:\Users\vtewe\VisualStudioCodeProjects\freelance-projects-fullstack.react\frontend\src\features\timeTracker\project\projectItem\ProjectItem.tsx", "TypeScript JSX", 0, 0, 0, 0, 0, 0, 0, 0, 77, 0, 0, 0, 0, 4, 81
"c:\Users\vtewe\VisualStudioCodeProjects\freelance-projects-fullstack.react\frontend\src\features\timeTracker\project\projectItem\useProjectItemViewModel.ts", "TypeScript", 0, 0, 0, 0, 0, 0, 91, 0, 0, 0, 0, 0, 0, 19, 110
"c:\Users\vtewe\VisualStudioCodeProjects\freelance-projects-fullstack.react\frontend\src\features\timeTracker\project\projectList\IProjectListProps.ts", "TypeScript", 0, 0, 0, 0, 0, 0, 9, 0, 0, 0, 0, 0, 0, 2, 11
"c:\Users\vtewe\VisualStudioCodeProjects\freelance-projects-fullstack.react\frontend\src\features\timeTracker\project\projectList\ProjectList.module.scss", "SCSS", 0, 0, 0, 0, 0, 0, 0, 15, 0, 0, 0, 0, 0, 6, 21
"c:\Users\vtewe\VisualStudioCodeProjects\freelance-projects-fullstack.react\frontend\src\features\timeTracker\project\projectList\ProjectList.tsx", "TypeScript JSX", 0, 0, 0, 0, 0, 0, 0, 0, 24, 0, 0, 0, 0, 4, 28
"c:\Users\vtewe\VisualStudioCodeProjects\freelance-projects-fullstack.react\frontend\src\features\timeTracker\project\projectSection\IProjectSectionProps.ts", "TypeScript", 0, 0, 0, 0, 0, 0, 1, 0, 0, 0, 0, 0, 0, 1, 2
"c:\Users\vtewe\VisualStudioCodeProjects\freelance-projects-fullstack.react\frontend\src\features\timeTracker\project\projectSection\ProjectSection.module.scss", "SCSS", 0, 0, 0, 0, 0, 0, 0, 11, 0, 0, 0, 0, 0, 3, 14
"c:\Users\vtewe\VisualStudioCodeProjects\freelance-projects-fullstack.react\frontend\src\features\timeTracker\project\projectSection\ProjectSection.tsx", "TypeScript JSX", 0, 0, 0, 0, 0, 0, 0, 0, 64, 0, 0, 0, 0, 3, 67
"c:\Users\vtewe\VisualStudioCodeProjects\freelance-projects-fullstack.react\frontend\src\features\timeTracker\project\projectSection\useProjectSectionViewModel.ts", "TypeScript", 0, 0, 0, 0, 0, 0, 167, 0, 0, 0, 0, 0, 10, 27, 204
"c:\Users\vtewe\VisualStudioCodeProjects\freelance-projects-fullstack.react\frontend\src\features\timeTracker\report\reportSection\IReportSectionProps.ts", "TypeScript", 0, 0, 0, 0, 0, 0, 1, 0, 0, 0, 0, 0, 0, 0, 1
"c:\Users\vtewe\VisualStudioCodeProjects\freelance-projects-fullstack.react\frontend\src\features\timeTracker\report\reportSection\ReportSection.module.scss", "SCSS", 0, 0, 0, 0, 0, 0, 0, 22, 0, 0, 0, 0, 0, 5, 27
"c:\Users\vtewe\VisualStudioCodeProjects\freelance-projects-fullstack.react\frontend\src\features\timeTracker\report\reportSection\ReportSection.tsx", "TypeScript JSX", 0, 0, 0, 0, 0, 0, 0, 0, 50, 0, 0, 0, 0, 5, 55
"c:\Users\vtewe\VisualStudioCodeProjects\freelance-projects-fullstack.react\frontend\src\features\timeTracker\report\timeSheetItem\ITimeSheetItemProps.ts", "TypeScript", 0, 0, 0, 0, 0, 0, 4, 0, 0, 0, 0, 0, 0, 2, 6
"c:\Users\vtewe\VisualStudioCodeProjects\freelance-projects-fullstack.react\frontend\src\features\timeTracker\report\timeSheetItem\TimeSheetItem.module.scss", "SCSS", 0, 0, 0, 0, 0, 0, 0, 9, 0, 0, 0, 0, 0, 2, 11
"c:\Users\vtewe\VisualStudioCodeProjects\freelance-projects-fullstack.react\frontend\src\features\timeTracker\report\timeSheetItem\TimeSheetItem.tsx", "TypeScript JSX", 0, 0, 0, 0, 0, 0, 0, 0, 18, 0, 0, 0, 0, 2, 20
"c:\Users\vtewe\VisualStudioCodeProjects\freelance-projects-fullstack.react\frontend\src\features\timeTracker\report\timeSheetList\ITimeSheetListProps.ts", "TypeScript", 0, 0, 0, 0, 0, 0, 4, 0, 0, 0, 0, 0, 0, 2, 6
"c:\Users\vtewe\VisualStudioCodeProjects\freelance-projects-fullstack.react\frontend\src\features\timeTracker\report\timeSheetList\TimeSheetList.module.scss", "SCSS", 0, 0, 0, 0, 0, 0, 0, 7, 0, 0, 0, 0, 0, 1, 8
"c:\Users\vtewe\VisualStudioCodeProjects\freelance-projects-fullstack.react\frontend\src\features\timeTracker\report\timeSheetList\TimeSheetList.tsx", "TypeScript JSX", 0, 0, 0, 0, 0, 0, 0, 0, 17, 0, 0, 0, 0, 4, 21
"c:\Users\vtewe\VisualStudioCodeProjects\freelance-projects-fullstack.react\frontend\src\features\timeTracker\task\taskItem\ITaskItemProps.ts", "TypeScript", 0, 0, 0, 0, 0, 0, 6, 0, 0, 0, 0, 0, 0, 2, 8
"c:\Users\vtewe\VisualStudioCodeProjects\freelance-projects-fullstack.react\frontend\src\features\timeTracker\task\taskItem\TaskItem.module.scss", "SCSS", 0, 0, 0, 0, 0, 0, 0, 55, 0, 0, 0, 0, 0, 13, 68
"c:\Users\vtewe\VisualStudioCodeProjects\freelance-projects-fullstack.react\frontend\src\features\timeTracker\task\taskItem\TaskItem.tsx", "TypeScript JSX", 0, 0, 0, 0, 0, 0, 0, 0, 94, 0, 0, 0, 0, 6, 100
"c:\Users\vtewe\VisualStudioCodeProjects\freelance-projects-fullstack.react\frontend\src\features\timeTracker\task\taskItem\useTaskItemViewModel.ts", "TypeScript", 0, 0, 0, 0, 0, 0, 79, 0, 0, 0, 0, 0, 1, 13, 93
"c:\Users\vtewe\VisualStudioCodeProjects\freelance-projects-fullstack.react\frontend\src\features\timeTracker\task\taskList\ITaskListProps.ts", "TypeScript", 0, 0, 0, 0, 0, 0, 6, 0, 0, 0, 0, 0, 0, 2, 8
"c:\Users\vtewe\VisualStudioCodeProjects\freelance-projects-fullstack.react\frontend\src\features\timeTracker\task\taskList\TaskList.module.scss", "SCSS", 0, 0, 0, 0, 0, 0, 0, 6, 0, 0, 0, 0, 0, 2, 8
"c:\Users\vtewe\VisualStudioCodeProjects\freelance-projects-fullstack.react\frontend\src\features\timeTracker\task\taskList\TaskList.tsx", "TypeScript JSX", 0, 0, 0, 0, 0, 0, 0, 0, 23, 0, 0, 0, 0, 4, 27
"c:\Users\vtewe\VisualStudioCodeProjects\freelance-projects-fullstack.react\frontend\src\features\timeTracker\task\taskList\useTaskListVIewModel.ts", "TypeScript", 0, 0, 0, 0, 0, 0, 14, 0, 0, 0, 0, 0, 0, 4, 18
"c:\Users\vtewe\VisualStudioCodeProjects\freelance-projects-fullstack.react\frontend\src\features\timeTracker\task\taskSection\ITaskSectionProps.ts", "TypeScript", 0, 0, 0, 0, 0, 0, 7, 0, 0, 0, 0, 0, 0, 2, 9
"c:\Users\vtewe\VisualStudioCodeProjects\freelance-projects-fullstack.react\frontend\src\features\timeTracker\task\taskSection\TaskSection.module.scss", "SCSS", 0, 0, 0, 0, 0, 0, 0, 6, 0, 0, 0, 0, 0, 2, 8
"c:\Users\vtewe\VisualStudioCodeProjects\freelance-projects-fullstack.react\frontend\src\features\timeTracker\task\taskSection\TaskSection.tsx", "TypeScript JSX", 0, 0, 0, 0, 0, 0, 0, 0, 14, 0, 0, 0, 0, 2, 16
"c:\Users\vtewe\VisualStudioCodeProjects\freelance-projects-fullstack.react\frontend\src\features\timeTracker\timeTracker\ITimeTrackerProps.ts", "TypeScript", 0, 0, 0, 0, 0, 0, 1, 0, 0, 0, 0, 0, 0, 0, 1
"c:\Users\vtewe\VisualStudioCodeProjects\freelance-projects-fullstack.react\frontend\src\features\timeTracker\timeTracker\TimeTracker.module.scss", "SCSS", 0, 0, 0, 0, 0, 0, 0, 0, 0, 0, 0, 0, 0, 1, 1
"c:\Users\vtewe\VisualStudioCodeProjects\freelance-projects-fullstack.react\frontend\src\features\timeTracker\timeTracker\TimeTracker.tsx", "TypeScript JSX", 0, 0, 0, 0, 0, 0, 0, 0, 29, 0, 0, 0, 0, 5, 34
"c:\Users\vtewe\VisualStudioCodeProjects\freelance-projects-fullstack.react\frontend\src\hooks\useConfirmIcon.tsx", "TypeScript JSX", 0, 0, 0, 0, 0, 0, 0, 0, 15, 0, 0, 0, 0, 5, 20
"c:\Users\vtewe\VisualStudioCodeProjects\freelance-projects-fullstack.react\frontend\src\hooks\useErrorMessage.ts", "TypeScript", 0, 0, 0, 0, 0, 0, 7, 0, 0, 0, 0, 0, 0, 2, 9
"c:\Users\vtewe\VisualStudioCodeProjects\freelance-projects-fullstack.react\frontend\src\hooks\useInitialize.ts", "TypeScript", 0, 0, 0, 0, 0, 0, 8, 0, 0, 0, 0, 0, 0, 2, 10
"c:\Users\vtewe\VisualStudioCodeProjects\freelance-projects-fullstack.react\frontend\src\hooks\useLocalStorage.ts", "TypeScript", 0, 0, 0, 0, 0, 0, 30, 0, 0, 0, 0, 0, 0, 5, 35
"c:\Users\vtewe\VisualStudioCodeProjects\freelance-projects-fullstack.react\frontend\src\hooks\useLogout.ts", "TypeScript", 0, 0, 0, 0, 0, 0, 26, 0, 0, 0, 0, 0, 0, 4, 30
"c:\Users\vtewe\VisualStudioCodeProjects\freelance-projects-fullstack.react\frontend\src\hooks\useProviderDetails.ts", "TypeScript", 0, 0, 0, 0, 0, 0, 15, 0, 0, 0, 0, 0, 0, 4, 19
"c:\Users\vtewe\VisualStudioCodeProjects\freelance-projects-fullstack.react\frontend\src\hooks\useRecentlyUsedProjects.ts", "TypeScript", 0, 0, 0, 0, 0, 0, 20, 0, 0, 0, 0, 0, 3, 6, 29
"c:\Users\vtewe\VisualStudioCodeProjects\freelance-projects-fullstack.react\frontend\src\hooks\useRecentlyUsedProjectsStorage.ts", "TypeScript", 0, 0, 0, 0, 0, 0, 8, 0, 0, 0, 0, 0, 0, 2, 10
"c:\Users\vtewe\VisualStudioCodeProjects\freelance-projects-fullstack.react\frontend\src\hooks\useRequest.ts", "TypeScript", 0, 0, 0, 0, 0, 0, 54, 0, 0, 0, 0, 0, 1, 6, 61
"c:\Users\vtewe\VisualStudioCodeProjects\freelance-projects-fullstack.react\frontend\src\hooks\useSession.ts", "TypeScript", 0, 0, 0, 0, 0, 0, 8, 0, 0, 0, 0, 0, 0, 2, 10
"c:\Users\vtewe\VisualStudioCodeProjects\freelance-projects-fullstack.react\frontend\src\hooks\useSessionStorage.ts", "TypeScript", 0, 0, 0, 0, 0, 0, 19, 0, 0, 0, 0, 0, 0, 5, 24
"c:\Users\vtewe\VisualStudioCodeProjects\freelance-projects-fullstack.react\frontend\src\hooks\useToggle.ts", "TypeScript", 0, 0, 0, 0, 0, 0, 9, 0, 0, 0, 0, 0, 0, 4, 13
"c:\Users\vtewe\VisualStudioCodeProjects\freelance-projects-fullstack.react\frontend\src\hooks\useTranslation\components\IPlaceholderTextProps.ts", "TypeScript", 0, 0, 0, 0, 0, 0, 4, 0, 0, 0, 0, 0, 6, 2, 12
"c:\Users\vtewe\VisualStudioCodeProjects\freelance-projects-fullstack.react\frontend\src\hooks\useTranslation\components\PlaceholderText.module.scss", "SCSS", 0, 0, 0, 0, 0, 0, 0, 3, 0, 0, 0, 0, 0, 1, 4
"c:\Users\vtewe\VisualStudioCodeProjects\freelance-projects-fullstack.react\frontend\src\hooks\useTranslation\components\PlaceholderText.tsx", "TypeScript JSX", 0, 0, 0, 0, 0, 0, 0, 0, 15, 0, 0, 0, 3, 4, 22
"c:\Users\vtewe\VisualStudioCodeProjects\freelance-projects-fullstack.react\frontend\src\hooks\useTranslation\texts.ts", "TypeScript", 0, 0, 0, 0, 0, 0, 26, 0, 0, 0, 0, 0, 27, 4, 57
"c:\Users\vtewe\VisualStudioCodeProjects\freelance-projects-fullstack.react\frontend\src\hooks\useTranslation\types\ITranslation.ts", "TypeScript", 0, 0, 0, 0, 0, 0, 6, 0, 0, 0, 0, 0, 12, 2, 20
"c:\Users\vtewe\VisualStudioCodeProjects\freelance-projects-fullstack.react\frontend\src\hooks\useTranslation\types\Placeholder.ts", "TypeScript", 0, 0, 0, 0, 0, 0, 1, 0, 0, 0, 0, 0, 4, 1, 6
"c:\Users\vtewe\VisualStudioCodeProjects\freelance-projects-fullstack.react\frontend\src\hooks\useTranslation\useTranslation.ts", "TypeScript", 0, 0, 0, 0, 0, 0, 33, 0, 0, 0, 0, 0, 52, 10, 95
"c:\Users\vtewe\VisualStudioCodeProjects\freelance-projects-fullstack.react\frontend\src\hooks\useTranslation\utils\containsObjectProp.ts", "TypeScript", 0, 0, 0, 0, 0, 0, 8, 0, 0, 0, 0, 0, 7, 1, 16
"c:\Users\vtewe\VisualStudioCodeProjects\freelance-projects-fullstack.react\frontend\src\hooks\useTranslation\utils\fillPlaceholders.tsx", "TypeScript JSX", 0, 0, 0, 0, 0, 0, 0, 0, 14, 0, 0, 0, 7, 3, 24
"c:\Users\vtewe\VisualStudioCodeProjects\freelance-projects-fullstack.react\frontend\src\hooks\useTranslation\utils\fillTextPlaceholders.ts", "TypeScript", 0, 0, 0, 0, 0, 0, 10, 0, 0, 0, 0, 0, 3, 1, 14
"c:\Users\vtewe\VisualStudioCodeProjects\freelance-projects-fullstack.react\frontend\src\hooks\useTranslation\utils\findObjectPlaceholder.ts", "TypeScript", 0, 0, 0, 0, 0, 0, 22, 0, 0, 0, 0, 0, 4, 2, 28
"c:\Users\vtewe\VisualStudioCodeProjects\freelance-projects-fullstack.react\frontend\src\hooks\useTranslation\utils\isPlaceholderExpression.ts", "TypeScript", 0, 0, 0, 0, 0, 0, 3, 0, 0, 0, 0, 0, 6, 1, 10
"c:\Users\vtewe\VisualStudioCodeProjects\freelance-projects-fullstack.react\frontend\src\hooks\useTranslation\utils\toPlaceholderExpression.ts", "TypeScript", 0, 0, 0, 0, 0, 0, 3, 0, 0, 0, 0, 0, 6, 1, 10
"c:\Users\vtewe\VisualStudioCodeProjects\freelance-projects-fullstack.react\frontend\src\hooks\useUserConfig.ts", "TypeScript", 0, 0, 0, 0, 0, 0, 8, 0, 0, 0, 0, 0, 0, 2, 10
"c:\Users\vtewe\VisualStudioCodeProjects\freelance-projects-fullstack.react\frontend\src\hooks\useUserConfigStorage.ts", "TypeScript", 0, 0, 0, 0, 0, 0, 15, 0, 0, 0, 0, 0, 0, 2, 17
"c:\Users\vtewe\VisualStudioCodeProjects\freelance-projects-fullstack.react\frontend\src\hooks\useUserOpportunities.ts", "TypeScript", 0, 0, 0, 0, 0, 0, 8, 0, 0, 0, 0, 0, 0, 2, 10
"c:\Users\vtewe\VisualStudioCodeProjects\freelance-projects-fullstack.react\frontend\src\hooks\useUserProviderRequests.ts", "TypeScript", 0, 0, 0, 0, 0, 0, 8, 0, 0, 0, 0, 0, 0, 2, 10
"c:\Users\vtewe\VisualStudioCodeProjects\freelance-projects-fullstack.react\frontend\src\i18n\en.json", "JSON", 0, 116, 0, 0, 0, 0, 0, 0, 0, 0, 0, 0, 0, 0, 116
"c:\Users\vtewe\VisualStudioCodeProjects\freelance-projects-fullstack.react\frontend\src\i18n\index.js", "JavaScript", 0, 0, 0, 0, 0, 1, 0, 0, 0, 0, 0, 0, 0, 1, 2
"c:\Users\vtewe\VisualStudioCodeProjects\freelance-projects-fullstack.react\frontend\src\icons\ArrowBackIcon.tsx", "TypeScript JSX", 0, 0, 0, 0, 0, 0, 0, 0, 6, 0, 0, 0, 0, 2, 8
"c:\Users\vtewe\VisualStudioCodeProjects\freelance-projects-fullstack.react\frontend\src\icons\CheckIcon.tsx", "TypeScript JSX", 0, 0, 0, 0, 0, 0, 0, 0, 6, 0, 0, 0, 0, 2, 8
"c:\Users\vtewe\VisualStudioCodeProjects\freelance-projects-fullstack.react\frontend\src\icons\CheckedIcon.tsx", "TypeScript JSX", 0, 0, 0, 0, 0, 0, 0, 0, 6, 0, 0, 0, 0, 2, 8
"c:\Users\vtewe\VisualStudioCodeProjects\freelance-projects-fullstack.react\frontend\src\icons\CloseIcon.tsx", "TypeScript JSX", 0, 0, 0, 0, 0, 0, 0, 0, 6, 0, 0, 0, 0, 2, 8
"c:\Users\vtewe\VisualStudioCodeProjects\freelance-projects-fullstack.react\frontend\src\icons\CollapsedIcon.tsx", "TypeScript JSX", 0, 0, 0, 0, 0, 0, 0, 0, 6, 0, 0, 0, 0, 2, 8
"c:\Users\vtewe\VisualStudioCodeProjects\freelance-projects-fullstack.react\frontend\src\icons\DeleteIcon.tsx", "TypeScript JSX", 0, 0, 0, 0, 0, 0, 0, 0, 6, 0, 0, 0, 0, 2, 8
"c:\Users\vtewe\VisualStudioCodeProjects\freelance-projects-fullstack.react\frontend\src\icons\DownloadIcon.tsx", "TypeScript JSX", 0, 0, 0, 0, 0, 0, 0, 0, 6, 0, 0, 0, 0, 2, 8
"c:\Users\vtewe\VisualStudioCodeProjects\freelance-projects-fullstack.react\frontend\src\icons\EditIcon.tsx", "TypeScript JSX", 0, 0, 0, 0, 0, 0, 0, 0, 6, 0, 0, 0, 0, 2, 8
"c:\Users\vtewe\VisualStudioCodeProjects\freelance-projects-fullstack.react\frontend\src\icons\ExpandedIcon.tsx", "TypeScript JSX", 0, 0, 0, 0, 0, 0, 0, 0, 6, 0, 0, 0, 0, 2, 8
"c:\Users\vtewe\VisualStudioCodeProjects\freelance-projects-fullstack.react\frontend\src\icons\StartIcon.tsx", "TypeScript JSX", 0, 0, 0, 0, 0, 0, 0, 0, 6, 0, 0, 0, 0, 2, 8
"c:\Users\vtewe\VisualStudioCodeProjects\freelance-projects-fullstack.react\frontend\src\icons\StopIcon.tsx", "TypeScript JSX", 0, 0, 0, 0, 0, 0, 0, 0, 6, 0, 0, 0, 0, 2, 8
"c:\Users\vtewe\VisualStudioCodeProjects\freelance-projects-fullstack.react\frontend\src\icons\UncheckedIcon.tsx", "TypeScript JSX", 0, 0, 0, 0, 0, 0, 0, 0, 6, 0, 0, 0, 0, 2, 8
"c:\Users\vtewe\VisualStudioCodeProjects\freelance-projects-fullstack.react\frontend\src\icons\UploadIcon.tsx", "TypeScript JSX", 0, 0, 0, 0, 0, 0, 0, 0, 6, 0, 0, 0, 0, 2, 8
"c:\Users\vtewe\VisualStudioCodeProjects\freelance-projects-fullstack.react\frontend\src\icons\core\IIconProps.ts", "TypeScript", 0, 0, 0, 0, 0, 0, 3, 0, 0, 0, 0, 0, 0, 1, 4
"c:\Users\vtewe\VisualStudioCodeProjects\freelance-projects-fullstack.react\frontend\src\icons\core\Icon.tsx", "TypeScript JSX", 0, 0, 0, 0, 0, 0, 0, 0, 12, 0, 0, 0, 0, 2, 14
"c:\Users\vtewe\VisualStudioCodeProjects\freelance-projects-fullstack.react\frontend\src\index.css", "CSS", 0, 0, 0, 0, 0, 0, 0, 0, 0, 0, 10, 0, 0, 2, 12
"c:\Users\vtewe\VisualStudioCodeProjects\freelance-projects-fullstack.react\frontend\src\index.scss", "SCSS", 0, 0, 0, 0, 0, 0, 0, 14, 0, 0, 0, 0, 5, 2, 21
"c:\Users\vtewe\VisualStudioCodeProjects\freelance-projects-fullstack.react\frontend\src\index.tsx", "TypeScript JSX", 0, 0, 0, 0, 0, 0, 0, 0, 7, 0, 0, 0, 0, 2, 9
"c:\Users\vtewe\VisualStudioCodeProjects\freelance-projects-fullstack.react\frontend\src\model\IUserConfig.ts", "TypeScript", 0, 0, 0, 0, 0, 0, 6, 0, 0, 0, 0, 0, 0, 1, 7
"c:\Users\vtewe\VisualStudioCodeProjects\freelance-projects-fullstack.react\frontend\src\pages\DashboardPage.tsx", "TypeScript JSX", 0, 0, 0, 0, 0, 0, 0, 0, 9, 0, 0, 0, 0, 2, 11
"c:\Users\vtewe\VisualStudioCodeProjects\freelance-projects-fullstack.react\frontend\src\pages\LoginPage.tsx", "TypeScript JSX", 0, 0, 0, 0, 0, 0, 0, 0, 9, 0, 0, 0, 0, 2, 11
"c:\Users\vtewe\VisualStudioCodeProjects\freelance-projects-fullstack.react\frontend\src\pages\OpportunityPage.tsx", "TypeScript JSX", 0, 0, 0, 0, 0, 0, 0, 0, 12, 0, 0, 0, 0, 2, 14
"c:\Users\vtewe\VisualStudioCodeProjects\freelance-projects-fullstack.react\frontend\src\pages\TimerTrackerPage.tsx", "TypeScript JSX", 0, 0, 0, 0, 0, 0, 0, 0, 9, 0, 0, 0, 0, 2, 11
"c:\Users\vtewe\VisualStudioCodeProjects\freelance-projects-fullstack.react\frontend\src\react-app-env.d.ts", "TypeScript", 0, 0, 0, 0, 0, 0, 0, 0, 0, 0, 0, 0, 1, 1, 2
"c:\Users\vtewe\VisualStudioCodeProjects\freelance-projects-fullstack.react\frontend\src\routes\AppRouter.tsx", "TypeScript JSX", 0, 0, 0, 0, 0, 0, 0, 0, 12, 0, 0, 0, 0, 2, 14
"c:\Users\vtewe\VisualStudioCodeProjects\freelance-projects-fullstack.react\frontend\src\routes\AppRoutes.ts", "TypeScript", 0, 0, 0, 0, 0, 0, 8, 0, 0, 0, 0, 0, 0, 2, 10
"c:\Users\vtewe\VisualStudioCodeProjects\freelance-projects-fullstack.react\frontend\src\routes\core\ParamRoute.ts", "TypeScript", 0, 0, 0, 0, 0, 0, 12, 0, 0, 0, 0, 0, 3, 3, 18
"c:\Users\vtewe\VisualStudioCodeProjects\freelance-projects-fullstack.react\frontend\src\routes\core\StaticRoute.ts", "TypeScript", 0, 0, 0, 0, 0, 0, 7, 0, 0, 0, 0, 0, 0, 3, 10
"c:\Users\vtewe\VisualStudioCodeProjects\freelance-projects-fullstack.react\frontend\src\routes\core\configureRoutes.ts", "TypeScript", 0, 0, 0, 0, 0, 0, 6, 0, 0, 0, 0, 0, 3, 2, 11
"c:\Users\vtewe\VisualStudioCodeProjects\freelance-projects-fullstack.react\frontend\src\routes\core\route.ts", "TypeScript", 0, 0, 0, 0, 0, 0, 10, 0, 0, 0, 0, 0, 5, 2, 17
"c:\Users\vtewe\VisualStudioCodeProjects\freelance-projects-fullstack.react\frontend\src\routes\core\types\IParamRoute.ts", "TypeScript", 0, 0, 0, 0, 0, 0, 5, 0, 0, 0, 0, 0, 9, 2, 16
"c:\Users\vtewe\VisualStudioCodeProjects\freelance-projects-fullstack.react\frontend\src\routes\core\types\IRoute.ts", "TypeScript", 0, 0, 0, 0, 0, 0, 3, 0, 0, 0, 0, 0, 6, 1, 10
"c:\Users\vtewe\VisualStudioCodeProjects\freelance-projects-fullstack.react\frontend\src\routes\core\types\IStaticRoute.ts", "TypeScript", 0, 0, 0, 0, 0, 0, 4, 0, 0, 0, 0, 0, 9, 2, 15
"c:\Users\vtewe\VisualStudioCodeProjects\freelance-projects-fullstack.react\frontend\src\routes\core\types\RouteConfig.ts", "TypeScript", 0, 0, 0, 0, 0, 0, 2, 0, 0, 0, 0, 0, 3, 2, 7
"c:\Users\vtewe\VisualStudioCodeProjects\freelance-projects-fullstack.react\frontend\src\routes\core\types\RouteParams.ts", "TypeScript", 0, 0, 0, 0, 0, 0, 7, 0, 0, 0, 0, 0, 3, 3, 13
"c:\Users\vtewe\VisualStudioCodeProjects\freelance-projects-fullstack.react\frontend\src\routes\core\types\RouteType.ts", "TypeScript", 0, 0, 0, 0, 0, 0, 6, 0, 0, 0, 0, 0, 4, 2, 12
"c:\Users\vtewe\VisualStudioCodeProjects\freelance-projects-fullstack.react\frontend\src\setupTests.ts", "TypeScript", 0, 0, 0, 0, 0, 0, 1, 0, 0, 0, 0, 0, 4, 1, 6
"c:\Users\vtewe\VisualStudioCodeProjects\freelance-projects-fullstack.react\frontend\src\shared\errors\ExpiredSessionError.ts", "TypeScript", 0, 0, 0, 0, 0, 0, 1, 0, 0, 0, 0, 0, 0, 1, 2
"c:\Users\vtewe\VisualStudioCodeProjects\freelance-projects-fullstack.react\frontend\src\shared\errors\InvalidSessionError.ts", "TypeScript", 0, 0, 0, 0, 0, 0, 1, 0, 0, 0, 0, 0, 0, 1, 2
"c:\Users\vtewe\VisualStudioCodeProjects\freelance-projects-fullstack.react\frontend\src\shared\errors\NoSessionError.ts", "TypeScript", 0, 0, 0, 0, 0, 0, 1, 0, 0, 0, 0, 0, 0, 1, 2
"c:\Users\vtewe\VisualStudioCodeProjects\freelance-projects-fullstack.react\frontend\src\shared\errors\NotSupportedError.ts", "TypeScript", 0, 0, 0, 0, 0, 0, 1, 0, 0, 0, 0, 0, 0, 1, 2
"c:\Users\vtewe\VisualStudioCodeProjects\freelance-projects-fullstack.react\frontend\src\shared\model\IAuthentication.ts", "TypeScript", 0, 0, 0, 0, 0, 0, 5, 0, 0, 0, 0, 0, 0, 2, 7
"c:\Users\vtewe\VisualStudioCodeProjects\freelance-projects-fullstack.react\frontend\src\shared\model\ICredentials.ts", "TypeScript", 0, 0, 0, 0, 0, 0, 4, 0, 0, 0, 0, 0, 0, 1, 5
"c:\Users\vtewe\VisualStudioCodeProjects\freelance-projects-fullstack.react\frontend\src\shared\model\IError.ts", "TypeScript", 0, 0, 0, 0, 0, 0, 5, 0, 0, 0, 0, 0, 0, 1, 6
"c:\Users\vtewe\VisualStudioCodeProjects\freelance-projects-fullstack.react\frontend\src\shared\model\IOpportunity.ts", "TypeScript", 0, 0, 0, 0, 0, 0, 12, 0, 0, 0, 0, 0, 0, 3, 15
"c:\Users\vtewe\VisualStudioCodeProjects\freelance-projects-fullstack.react\frontend\src\shared\model\IProject.ts", "TypeScript", 0, 0, 0, 0, 0, 0, 9, 0, 0, 0, 0, 0, 0, 3, 12
"c:\Users\vtewe\VisualStudioCodeProjects\freelance-projects-fullstack.react\frontend\src\shared\model\IProviderDetails.ts", "TypeScript", 0, 0, 0, 0, 0, 0, 7, 0, 0, 0, 0, 0, 0, 3, 10
"c:\Users\vtewe\VisualStudioCodeProjects\freelance-projects-fullstack.react\frontend\src\shared\model\IProviderRequests.ts", "TypeScript", 0, 0, 0, 0, 0, 0, 8, 0, 0, 0, 0, 0, 0, 3, 11
"c:\Users\vtewe\VisualStudioCodeProjects\freelance-projects-fullstack.react\frontend\src\shared\model\ISession.ts", "TypeScript", 0, 0, 0, 0, 0, 0, 7, 0, 0, 0, 0, 0, 0, 2, 9
"c:\Users\vtewe\VisualStudioCodeProjects\freelance-projects-fullstack.react\frontend\src\shared\model\ITask.ts", "TypeScript", 0, 0, 0, 0, 0, 0, 9, 0, 0, 0, 0, 0, 0, 3, 12
"c:\Users\vtewe\VisualStudioCodeProjects\freelance-projects-fullstack.react\frontend\src\shared\model\ITimeSheet.ts", "TypeScript", 0, 0, 0, 0, 0, 0, 9, 0, 0, 0, 0, 0, 0, 3, 12
"c:\Users\vtewe\VisualStudioCodeProjects\freelance-projects-fullstack.react\frontend\src\shared\model\IUserOpportunity.ts", "TypeScript", 0, 0, 0, 0, 0, 0, 17, 0, 0, 0, 0, 0, 0, 3, 20
"c:\Users\vtewe\VisualStudioCodeProjects\freelance-projects-fullstack.react\frontend\src\shared\model\IUserProviderRequest.ts", "TypeScript", 0, 0, 0, 0, 0, 0, 13, 0, 0, 0, 0, 0, 0, 3, 16
"c:\Users\vtewe\VisualStudioCodeProjects\freelance-projects-fullstack.react\frontend\src\shared\model\UserMeta.ts", "TypeScript", 0, 0, 0, 0, 0, 0, 2, 0, 0, 0, 0, 0, 0, 2, 4
"c:\Users\vtewe\VisualStudioCodeProjects\freelance-projects-fullstack.react\frontend\src\shared\services\NetworkInfo.ts", "TypeScript", 0, 0, 0, 0, 0, 0, 15, 0, 0, 0, 0, 0, 0, 3, 18
"c:\Users\vtewe\VisualStudioCodeProjects\freelance-projects-fullstack.react\frontend\src\shared\services\ProjectInfo.ts", "TypeScript", 0, 0, 0, 0, 0, 0, 28, 0, 0, 0, 0, 0, 12, 6, 46
"c:\Users\vtewe\VisualStudioCodeProjects\freelance-projects-fullstack.react\frontend\src\shared\services\TaskInfo.ts", "TypeScript", 0, 0, 0, 0, 0, 0, 16, 0, 0, 0, 0, 0, 6, 3, 25
"c:\Users\vtewe\VisualStudioCodeProjects\freelance-projects-fullstack.react\frontend\src\shared\types\ApplicationType.ts", "TypeScript", 0, 0, 0, 0, 0, 0, 4, 0, 0, 0, 0, 0, 0, 1, 5
"c:\Users\vtewe\VisualStudioCodeProjects\freelance-projects-fullstack.react\frontend\src\shared\types\ClassType.ts", "TypeScript", 0, 0, 0, 0, 0, 0, 1, 0, 0, 0, 0, 0, 0, 1, 2
"c:\Users\vtewe\VisualStudioCodeProjects\freelance-projects-fullstack.react\frontend\src\shared\types\Decorator.ts", "TypeScript", 0, 0, 0, 0, 0, 0, 1, 0, 0, 0, 0, 0, 0, 1, 2
"c:\Users\vtewe\VisualStudioCodeProjects\freelance-projects-fullstack.react\frontend\src\shared\types\IEntity.ts", "TypeScript", 0, 0, 0, 0, 0, 0, 5, 0, 0, 0, 0, 0, 0, 1, 6
"c:\Users\vtewe\VisualStudioCodeProjects\freelance-projects-fullstack.react\frontend\src\shared\types\IEntityDetails.ts", "TypeScript", 0, 0, 0, 0, 0, 0, 2, 0, 0, 0, 0, 0, 0, 2, 4
"c:\Users\vtewe\VisualStudioCodeProjects\freelance-projects-fullstack.react\frontend\src\shared\types\IHaveToken.ts", "TypeScript", 0, 0, 0, 0, 0, 0, 5, 0, 0, 0, 0, 0, 0, 3, 8
"c:\Users\vtewe\VisualStudioCodeProjects\freelance-projects-fullstack.react\frontend\src\shared\types\IRouteMeta.ts", "TypeScript", 0, 0, 0, 0, 0, 0, 3, 0, 0, 0, 0, 0, 0, 1, 4
"c:\Users\vtewe\VisualStudioCodeProjects\freelance-projects-fullstack.react\frontend\src\shared\types\ProviderType.ts", "TypeScript", 0, 0, 0, 0, 0, 0, 5, 0, 0, 0, 0, 0, 0, 1, 6
"c:\Users\vtewe\VisualStudioCodeProjects\freelance-projects-fullstack.react\frontend\src\shared\utils\Pair.ts", "TypeScript", 0, 0, 0, 0, 0, 0, 3, 0, 0, 0, 0, 0, 0, 1, 4
"c:\Users\vtewe\VisualStudioCodeProjects\freelance-projects-fullstack.react\frontend\src\shared\utils\createError.ts", "TypeScript", 0, 0, 0, 0, 0, 0, 4, 0, 0, 0, 0, 0, 0, 2, 6
"c:\Users\vtewe\VisualStudioCodeProjects\freelance-projects-fullstack.react\frontend\src\shared\utils\error.ts", "TypeScript", 0, 0, 0, 0, 0, 0, 3, 0, 0, 0, 0, 0, 0, 1, 4
"c:\Users\vtewe\VisualStudioCodeProjects\freelance-projects-fullstack.react\frontend\src\shared\utils\isError.ts", "TypeScript", 0, 0, 0, 0, 0, 0, 4, 0, 0, 0, 0, 0, 0, 2, 6
"c:\Users\vtewe\VisualStudioCodeProjects\freelance-projects-fullstack.react\frontend\src\shared\utils\isNull.ts", "TypeScript", 0, 0, 0, 0, 0, 0, 6, 0, 0, 0, 0, 0, 0, 1, 7
"c:\Users\vtewe\VisualStudioCodeProjects\freelance-projects-fullstack.react\frontend\src\shared\utils\renderDate.ts", "TypeScript", 0, 0, 0, 0, 0, 0, 5, 0, 0, 0, 0, 0, 0, 1, 6
"c:\Users\vtewe\VisualStudioCodeProjects\freelance-projects-fullstack.react\frontend\src\styles\colors.module.scss", "SCSS", 0, 0, 0, 0, 0, 0, 0, 33, 0, 0, 0, 0, 13, 4, 50
"c:\Users\vtewe\VisualStudioCodeProjects\freelance-projects-fullstack.react\frontend\src\styles\components.module.scss", "SCSS", 0, 0, 0, 0, 0, 0, 0, 36, 0, 0, 0, 0, 0, 10, 46
"c:\Users\vtewe\VisualStudioCodeProjects\freelance-projects-fullstack.react\frontend\src\styles\dimensions.scss", "SCSS", 0, 0, 0, 0, 0, 0, 0, 3, 0, 0, 0, 0, 0, 1, 4
"c:\Users\vtewe\VisualStudioCodeProjects\freelance-projects-fullstack.react\frontend\src\styles\global.scss", "SCSS", 0, 0, 0, 0, 0, 0, 0, 5, 0, 0, 0, 0, 0, 0, 5
"c:\Users\vtewe\VisualStudioCodeProjects\freelance-projects-fullstack.react\frontend\src\styles\mixins.scss", "SCSS", 0, 0, 0, 0, 0, 0, 0, 20, 0, 0, 0, 0, 0, 4, 24
"c:\Users\vtewe\VisualStudioCodeProjects\freelance-projects-fullstack.react\frontend\src\styles\testmixin.scss", "SCSS", 0, 0, 0, 0, 0, 0, 0, 3, 0, 0, 0, 0, 0, 0, 3
"c:\Users\vtewe\VisualStudioCodeProjects\freelance-projects-fullstack.react\frontend\src\styles\typography.scss", "SCSS", 0, 0, 0, 0, 0, 0, 0, 142, 0, 0, 0, 0, 0, 25, 167
"c:\Users\vtewe\VisualStudioCodeProjects\freelance-projects-fullstack.react\frontend\src\types\Value.ts", "TypeScript", 0, 0, 0, 0, 0, 0, 4, 0, 0, 0, 0, 0, 3, 1, 8
"c:\Users\vtewe\VisualStudioCodeProjects\freelance-projects-fullstack.react\frontend\src\utils\deleteLocalStorage.ts", "TypeScript", 0, 0, 0, 0, 0, 0, 3, 0, 0, 0, 0, 0, 0, 1, 4
"c:\Users\vtewe\VisualStudioCodeProjects\freelance-projects-fullstack.react\frontend\src\utils\formatDate.ts", "TypeScript", 0, 0, 0, 0, 0, 0, 4, 0, 0, 0, 0, 0, 0, 1, 5
"c:\Users\vtewe\VisualStudioCodeProjects\freelance-projects-fullstack.react\frontend\src\utils\isOlderThan.ts", "TypeScript", 0, 0, 0, 0, 0, 0, 6, 0, 0, 0, 0, 0, 5, 1, 12
"c:\Users\vtewe\VisualStudioCodeProjects\freelance-projects-fullstack.react\frontend\src\utils\readLocalStorage.ts", "TypeScript", 0, 0, 0, 0, 0, 0, 7, 0, 0, 0, 0, 0, 0, 1, 8
"c:\Users\vtewe\VisualStudioCodeProjects\freelance-projects-fullstack.react\frontend\src\utils\request.ts", "TypeScript", 0, 0, 0, 0, 0, 0, 3, 0, 0, 0, 0, 0, 0, 1, 4
"c:\Users\vtewe\VisualStudioCodeProjects\freelance-projects-fullstack.react\frontend\src\utils\sortUserOpportunities.ts", "TypeScript", 0, 0, 0, 0, 0, 0, 19, 0, 0, 0, 0, 0, 0, 6, 25
"c:\Users\vtewe\VisualStudioCodeProjects\freelance-projects-fullstack.react\frontend\src\utils\style.ts", "TypeScript", 0, 0, 0, 0, 0, 0, 3, 0, 0, 0, 0, 0, 0, 1, 4
"c:\Users\vtewe\VisualStudioCodeProjects\freelance-projects-fullstack.react\frontend\src\utils\writeLocalStorage.ts", "TypeScript", 0, 0, 0, 0, 0, 0, 4, 0, 0, 0, 0, 0, 0, 1, 5
"c:\Users\vtewe\VisualStudioCodeProjects\freelance-projects-fullstack.react\frontend\tsconfig.json", "JSON with Comments", 20, 0, 0, 0, 0, 0, 0, 0, 0, 0, 0, 0, 0, 1, 21
"Total", "-", 20, 18451, 2, 11, 16, 1, 3043, 1047, 1998, 73, 10, 1, 592, 1150, 26415